<?xml version='1.0' encoding='utf-8'?>
<!DOCTYPE hibernate-configuration PUBLIC
        "-//Hibernate/Hibernate Configuration DTD 3.0//EN"
        "http://www.hibernate.org/dtd/hibernate-configuration-3.0.dtd">

<hibernate-configuration>

<session-factory>



	<!-- 方言 -->
	<property name="dialect">org.hibernate.dialect.MySQLDialect</property>

	<!-- 控制台显示SQL -->
	<property name="show_sql">true</property>

	<property name="hibernate.format_sql">true</property>

	<!-- 自动更新表结构 -->
	<property name="hbm2ddl.auto">update</property>

	<property name="hibernate.connection.autocommit">true</property>

	<!-- Enable Second-Level Cache and Query Cache Settings  
		<property name="hibernate.cache.provider_class">net.sf.ehcache.hibernate.SingletonEhCacheProvider</property>  
		
		
		<property name="hibernate.cache.use_second_level_cache">true</property>  
		<property name="hibernate.cache.use_query_cache">true</property>
	-->
	<property name="myeclipse.connection.profile">
		MySQL Driver
	</property>
	<property name="connection.url">jdbc:mysql://&lt;127.0.0.1&gt;[&lt;:3306&gt;]/&lt;ccpx_db&gt;</property>
	<property name="connection.username">root</property>
	<property name="connection.password">3220107</property>
	<property name="connection.driver_class">
		com.mysql.jdbc.Driver
	</property>
</session-factory>

</hibernate-configuration>