<?xml version="1.0"?>
<!DOCTYPE hibernate-mapping PUBLIC "-//Hibernate/Hibernate Mapping DTD 3.0//EN"
                                   "http://hibernate.sourceforge.net/hibernate-mapping-3.0.dtd">
<!-- Generated 2015-1-7 21:46:33 by Hibernate Tools 3.4.0.CR1 -->
<hibernate-mapping>
 <class name="model.advertisement" table="advertisement">
  <id length="11" name="Advertisement_id" type="int"/>
  <property name="Seller_id" type="int">
   <column name="Seller_id"/>
  </property>
  <property name="Advertisement_Title" type="java.lang.String">
   <column name="Advertisement_Title"/>
  </property>
  <property name="Advertisement_Image" type="java.lang.String">
   <column name="Advertisement_Image"/>
  </property>
 </class>
</hibernate-mapping>
