<?xml version="1.0"?>
<!DOCTYPE hibernate-mapping PUBLIC "-//Hibernate/Hibernate Mapping DTD 3.0//EN"
                                   "http://hibernate.sourceforge.net/hibernate-mapping-3.0.dtd">
<!-- Generated 2015-1-7 21:46:33 by Hibernate Tools 3.4.0.CR1 -->
<hibernate-mapping>
 <class name="model.pointtransfer" table="pointtransfer">
  <id length="11" name="PointTransfer_id" type="int"/>
  <property name="PointTransfer_Time" type="java.lang.String">
   <column name="PointTransfer_Time"/>
  </property>
  <property name="PointTransfer_Points" type="int">
   <column name="PointTransfer_Points"/>
  </property>
  <property name="PointTransfer_Type" type="int">
   <column name="PointTransfer_Type"/>
  </property>
  <property name="User_id" type="int">
   <column name="User_id"/>
  </property>
  <property name="Seller_id" type="int">
   <column name="Seller_id"/>
  </property>
  <property name="SellerPointSystem_Username" type="java.lang.String">
   <column name="SellerPointSystem_Username"/>
  </property>
 </class>
</hibernate-mapping>
