<?xml version="1.0"?>
<!DOCTYPE hibernate-mapping PUBLIC "-//Hibernate/Hibernate Mapping DTD 3.0//EN"
                                   "http://hibernate.sourceforge.net/hibernate-mapping-3.0.dtd">
<!-- Generated 2015-1-7 21:46:33 by Hibernate Tools 3.4.0.CR1 -->
<hibernate-mapping>
 <class name="model.seller" table="seller">
  <id length="11" name="Seller_id" type="int"/>
  <property generated="never" lazy="false" name="Seller_Name" type="java.lang.String">
   <column name="Seller_Name"/>
  </property>
  <property generated="never" lazy="false" name="Seller_Address" type="java.lang.String">
   <column name="Seller_Address"/>
  </property>
  <property generated="never" lazy="false" name="Seller_Telephone" type="java.lang.String">
   <column name="Seller_Telephone"/>
  </property>
  <property generated="never" lazy="false" name="Seller_Email" type="java.lang.String">
   <column name="Seller_Email"/>
  </property>
  <property generated="never" lazy="false" name="Seller_Username" type="java.lang.String">
   <column name="Seller_Username"/>
  </property>
  <property generated="never" lazy="false" name="Seller_Password" type="java.lang.String">
   <column name="Seller_Password"/>
  </property>
  <property generated="never" lazy="false" name="seller_Status" type="java.lang.String">
   <column name="Seller_Status"/>
  </property>
  <property generated="never" lazy="false" name="IndustryType_id" type="java.lang.String">
   <column name="IndustryType_id"/>
  </property>
  <property generated="never" lazy="false" name="Seller_Logo" type="java.lang.String">
   <column name="Seller_Logo"/>
  </property>
  <property generated="never" lazy="false" name="Seller_Description" type="java.lang.String">
   <column name="Seller_Description"/>
  </property>
 </class>
</hibernate-mapping>
