<?xml version="1.0"?>
<!DOCTYPE hibernate-mapping PUBLIC "-//Hibernate/Hibernate Mapping DTD 3.0//EN"
                                   "http://hibernate.sourceforge.net/hibernate-mapping-3.0.dtd">
<!-- Generated 2015-1-7 21:46:33 by Hibernate Tools 3.4.0.CR1 -->
<hibernate-mapping>
 <class name="model.user_to_seller" table="user_to_seller">
  <id length="11" name="u_id" type="int"/>
  <property name="seller_id" type="int">
   <column name="seller_id"/>
  </property>
  <property name="points" type="int">
   <column name="points"/>
  </property>
  <property name="points_blocked" type="int">
   <column name="points_blocked"/>
  </property>
 </class>
</hibernate-mapping>
